time,amplitude
0.0,0.0
0.0005,1.0
0.001,1.2246467991473532e-16
0.0015,-1.0
0.002,-2.4492935982947064e-16
0.0025,1.0
0.003,3.6739403974420594e-16
0.0035,-1.0
0.004,-4.898587196589413e-16
0.0045,1.0
0.005,6.123233995736766e-16
0.0055,-1.0
0.006,-7.347880794884119e-16
0.0065,1.0
0.007,8.572527594031472e-16
0.0075,-1.0
0.008,-9.797174393178826e-16
0.0085,1.0
0.009,1.102182119232618e-15
0.0095,-1.0
0.01,-1.2246467991473533e-15
0.0105,1.0
0.011,4.899825157862589e-15
0.0115,-1.0
0.012,-1.4695761589768238e-15
0.0125,1.0
0.013,-1.9606728399089416e-15
0.0135,-1.0
0.014,-1.7145055188062944e-15
0.0145,1.0
0.015,5.3896838775215305e-15
0.0155,-1.0
0.016,-1.959434878635765e-15
0.0165,1.0
0.017,-1.4708141202500005e-15
0.0175,-1.0
0.018,-2.204364238465236e-15
0.0185,1.0
0.019,5.879542597180472e-15
0.0195,-1.0
0.02,-2.4492935982947065e-15
0.0205,1.0
0.021,-9.809554005910593e-16
0.0215,-1.0
0.022,-9.799650315725178e-15
0.0225,1.0
0.023,6.369401316839413e-15
0.0235,-1.0
0.024,-2.9391523179536475e-15
0.0245,1.0
0.025,-4.91096680932118e-16
0.0255,-1.0
0.026,3.921345679817883e-15
0.0265,1.0
0.027,6.859260036498355e-15
0.0275,-1.0
0.028,-3.429011037612589e-15
0.0285,1.0
0.029,-1.2379612731767154e-18
0.0295,-1.0
0.03,-1.0779367755043061e-14
0.0305,1.0
0.031,7.349118756157295e-15
0.0315,-1.0
0.032,-3.91886975727153e-15
0.0325,1.0
0.033,4.886207583857646e-16
0.0335,-1.0
0.034,2.941628240500001e-15
0.0345,1.0
0.035,7.838977475816237e-15
0.0355,-1.0
0.036,-4.408728476930472e-15
0.0365,1.0
0.037,9.784794780447059e-16
0.0375,-1.0
0.038,-1.1759085194360944e-14
0.0385,1.0
0.039,8.328836195475178e-15
0.0395,-1.0
0.04,-4.898587196589413e-15
0.0405,1.0
0.041,1.567919291290565e-14
0.0415,-1.0
0.042,1.9619108011821185e-15
0.0425,1.0
0.043,8.81869491513412e-15
0.0435,-1.0
0.044,-1.9599300631450357e-14
0.0445,1.0
0.045,1.9581969173625882e-15
0.0455,-1.0
0.046,-1.2738802633678827e-14
0.0465,1.0
0.047,-4.902301080408943e-15
0.0475,-1.0
0.048,-5.878304635907295e-15
0.0485,1.0
0.049,1.6658910352223535e-14
0.0495,-1.0
0.05,9.82193361864236e-16
0.0505,1.0
0.051,9.798412354452001e-15
0.0515,-1.0
0.052,7.842691359635767e-15
0.0525,1.0
0.053,2.937914356680471e-15
0.0535,-1.0
0.054,-1.371852007299671e-14
0.0545,1.0
0.055,-3.92258364109106e-15
0.0555,-1.0
0.056,-6.858022075225178e-15
0.0565,1.0
0.057,1.7638627791541416e-14
0.0575,-1.0
0.058,2.475922546353431e-18
0.0585,1.0
0.059,1.0778129793769884e-14
0.0595,-1.0
0.06,-2.1558735510086122e-14
0.0605,1.0
0.061,3.917631795998353e-15
0.0615,-1.0
0.062,-1.469823751231459e-14
0.0625,1.0
0.063,-2.942866201773178e-15
0.0635,-1.0
0.064,-7.83773951454306e-15
0.0645,1.0
0.065,1.8618345230859297e-14
0.0655,-1.0
0.066,-9.772415167715292e-16
0.0665,1.0
0.067,1.1757847233087767e-14
0.0675,-1.0
0.068,5.883256481000002e-15
0.0685,1.0
0.069,4.897349235316236e-15
0.0695,-1.0
0.07,-1.5677954951632475e-14
0.0705,1.0
0.071,-1.963148762455295e-15
0.0715,-1.0
0.072,-8.817456953860943e-15
0.0725,1.0
0.073,1.959806267017718e-14
0.0735,-1.0
0.074,-1.9569589560894117e-15
0.0745,1.0
0.075,1.273756467240565e-14
0.0755,-1.0
0.076,-2.3518170388721888e-14
0.0765,1.0
0.077,5.877066674634119e-15
0.0775,-1.0
0.078,-1.6657672390950356e-14
0.0785,1.0
0.079,-9.834313231374127e-16
0.0795,-1.0
0.08,-9.797174393178826e-15
0.0805,1.0
0.081,2.0577780109495062e-14
0.0815,-1.0
0.082,-3.13583858258113e-14
0.0825,1.0
0.083,-1.4704427318680477e-14
0.0835,-1.0
0.084,3.923821602364237e-15
0.0845,1.0
0.085,6.856784113952001e-15
0.0855,-1.0
0.086,-1.763738983026824e-14
0.0865,1.0
0.087,2.8417995546584478e-14
0.0875,-1.0
0.088,-3.919860126290071e-14
0.0885,1.0
0.089,-6.8642118815910615e-15
0.0895,-1.0
0.09,-3.9163938347251765e-15
0.0905,1.0
0.091,1.4696999551041415e-14
0.0915,-1.0
0.092,-2.5477605267357653e-14
0.0925,1.0
0.093,3.625821098367389e-14
0.0935,-1.0
0.094,9.804602160817886e-15
0.0945,1.0
0.095,9.760035554983525e-16
0.0955,-1.0
0.096,-1.175660927181459e-14
0.0965,1.0
0.097,2.2537214988130828e-14
0.0975,-1.0
0.098,-3.331782070444707e-14
0.0985,1.0
0.099,-1.274499244004471e-14
0.0995,-1.0
0.1,1.964386723728472e-15
0.1005,1.0
0.101,8.816218992587766e-15
0.1015,-1.0
0.102,-1.9596824708904003e-14
0.1025,1.0
0.103,3.0377430425220244e-14
0.1035,-1.0
0.104,1.5685382719271533e-14
0.1045,1.0
0.105,-4.904777002955296e-15
0.1055,-1.0
0.106,-5.875828713360942e-15
0.1065,1.0
0.107,1.665643442967718e-14
0.1075,-1.0
0.108,-2.743704014599342e-14
0.1085,1.0
0.109,3.8217645862309657e-14
0.1095,-1.0
0.11,7.84516728218212e-15
0.1105,1.0
0.111,2.9354384341341176e-15
0.1115,-1.0
0.112,-1.3716044150450356e-14
0.1125,1.0
0.113,2.4496649866766593e-14
0.1135,-1.0
0.114,-3.527725558308283e-14
0.1145,1.0
0.115,-1.0785557561408946e-14
0.1155,-1.0
0.116,4.951845092706862e-18
0.1165,1.0
0.117,1.0775653871223532e-14
0.1175,-1.0
0.118,-2.1556259587539768e-14
0.1185,1.0
0.119,3.2336865303856006e-14
0.1195,-1.0
0.12,-4.3117471020172244e-14
0.1205,1.0
0.121,-2.9453421243195312e-15
0.1215,-1.0
0.122,-7.835263591996707e-15
0.1225,1.0
0.123,1.8615869308312946e-14
0.1235,-1.0
0.124,-2.939647502462918e-14
0.1245,1.0
0.125,4.017708074094542e-14
0.1255,-1.0
0.126,5.885732403546356e-15
0.1265,1.0
0.127,4.894873312769882e-15
0.1275,-1.0
0.128,-1.567547902908612e-14
0.1285,1.0
0.129,2.645608474540236e-14
0.1295,-1.0
0.13,-3.7236690461718594e-14
0.1305,1.0
0.131,-8.82612268277318e-15
0.1315,-1.0
0.132,-1.9544830335430583e-15
0.1325,1.0
0.133,1.2735088749859296e-14
0.1335,-1.0
0.134,-2.3515694466175534e-14
0.1345,1.0
0.135,3.4296300182491775e-14
0.1355,-1.0
0.136,1.1766512962000004e-14
0.1365,1.0
0.137,-9.85907245683766e-16
0.1375,-1.0
0.138,-9.794698470632472e-15
0.1385,1.0
0.139,2.057530418694871e-14
0.1395,-1.0
0.14,-3.135590990326495e-14
0.1405,1.0
0.141,4.213651561958119e-14
0.1415,-1.0
0.142,3.92629752491059e-15
0.1425,1.0
0.143,6.854308191405648e-15
0.1435,-1.0
0.144,-1.7634913907721887e-14
0.1445,1.0
0.145,2.8415519624038125e-14
0.1455,-1.0
0.146,-3.919612534035436e-14
0.1465,1.0
0.147,-6.8666878041374145e-15
0.1475,-1.0
0.148,-3.9139179121788235e-15
0.1485,1.0
0.149,1.469452362849506e-14
0.1495,-1.0
0.15,-2.54751293448113e-14
0.1505,1.0
0.151,3.625573506112754e-14
0.1515,-1.0
0.152,-4.7036340777443775e-14
0.1525,1.0
0.153,9.73527632951999e-16
0.1535,-1.0
0.154,-1.1754133349268238e-14
0.1545,1.0
0.155,2.2534739065584474e-14
0.1555,-1.0
0.156,-3.331534478190071e-14
0.1565,1.0
0.157,4.409595049821695e-14
0.1575,-1.0
0.158,1.9668626462748253e-15
0.1585,1.0
0.159,8.813743070041413e-15
0.1595,-1.0
0.16,-1.9594348786357652e-14
0.1605,1.0
0.161,3.037495450267389e-14
0.1615,-1.0
0.162,-4.1155560218990125e-14
0.1625,1.0
0.163,5.193616593530636e-14
0.1635,-1.0
0.164,-6.27167716516226e-14
0.1645,1.0
0.165,7.349737736793884e-14
0.1655,-1.0
0.166,2.9408854637360953e-14
0.1665,1.0
0.167,-1.8628248921044712e-14
0.1675,-1.0
0.168,7.847643204728474e-15
0.1685,1.0
0.169,2.932962511587764e-15
0.1695,-1.0
0.17,-1.3713568227904002e-14
0.1705,1.0
0.171,2.449417394422024e-14
0.1715,-1.0
0.172,-3.527477966053648e-14
0.1725,1.0
0.173,4.605538537685272e-14
0.1735,-1.0
0.174,-5.6835991093168957e-14
0.1745,1.0
0.175,6.761659680948519e-14
0.1755,-1.0
0.176,-7.839720252580143e-14
0.1765,1.0
0.177,-2.450902947949836e-14
0.1775,-1.0
0.178,1.3728423763182123e-14
0.1785,1.0
0.179,-2.9478180468658846e-15
0.1795,-1.0
0.18,-7.832787669450353e-15
0.1805,1.0
0.181,1.8613393385766592e-14
0.1815,-1.0
0.182,-2.939399910208283e-14
0.1825,1.0
0.183,4.017460481839907e-14
0.1835,-1.0
0.184,-5.0955210534715306e-14
0.1845,1.0
0.185,6.173581625103154e-14
0.1855,-1.0
0.186,-7.251642196734778e-14
0.1865,1.0
0.187,-3.038981003795201e-14
0.1875,-1.0
0.188,1.9609204321635772e-14
0.1885,1.0
0.189,-8.828598605319534e-15
0.1895,-1.0
0.19,-1.952007110996705e-15
0.1905,1.0
0.191,1.2732612827312944e-14
0.1915,-1.0
0.192,-2.351321854362918e-14
0.1925,1.0
0.193,3.429382425994542e-14
0.1935,-1.0
0.194,-4.5074429976261656e-14
0.1945,1.0
0.195,5.5855035692577894e-14
0.1955,-1.0
0.196,-6.663564140889414e-14
0.1965,1.0
0.197,7.741624712521038e-14
0.1975,-1.0
0.198,2.548998488008942e-14
0.1985,1.0
0.199,-1.470937916377318e-14
0.1995,-1.0
0.2,3.928773447456944e-15
0.2005,1.0
0.201,6.851832268859294e-15
0.2015,-1.0
0.202,-1.7632437985175533e-14
0.2025,1.0
0.203,2.841304370149177e-14
0.2035,-1.0
0.204,-3.9193649417808005e-14
0.2045,1.0
0.205,4.997425513412425e-14
0.2055,-1.0
0.206,-6.075486085044049e-14
0.2065,1.0
0.207,7.153546656675673e-14
0.2075,-1.0
0.208,3.1370765438543066e-14
0.2085,1.0
0.209,-2.059015972222683e-14
0.2095,-1.0
0.21,9.809554005910592e-15
0.2105,1.0
0.211,9.710517104056455e-16
0.2115,-1.0
0.212,-1.1751657426721884e-14
0.2125,1.0
0.213,2.253226314303812e-14
0.2135,-1.0
0.214,-3.331286885935436e-14
0.2145,1.0
0.215,4.40934745756706e-14
0.2155,-1.0
0.216,-5.487408029198684e-14
0.2165,1.0
0.217,6.565468600830308e-14
0.2175,-1.0
0.218,-7.643529172461931e-14
0.2185,1.0
0.219,-2.647094028068048e-14
0.2195,-1.0
0.22,1.569033456436424e-14
0.2205,1.0
0.221,-4.909728848048003e-15
0.2215,-1.0
0.222,-5.870876868268235e-15
0.2225,1.0
0.223,1.6651482584584473e-14
0.2235,-1.0
0.224,-2.743208830090071e-14
0.2245,1.0
0.225,3.821269401721695e-14
0.2255,-1.0
0.226,-4.899329973353319e-14
0.2265,1.0
0.227,5.977390544984942e-14
0.2275,-1.0
0.228,-7.055451116616566e-14
0.2285,1.0
0.229,8.13351168824819e-14
0.2295,-1.0
0.23,2.157111512281789e-14
0.2305,1.0
0.231,-1.0790509406501652e-14
0.2315,-1.0
0.232,9.903690185413723e-18
0.2325,1.0
0.233,1.0770702026130824e-14
0.2335,-1.0
0.234,-2.1551307742447064e-14
0.2345,1.0
0.235,3.23319134587633e-14
0.2355,-1.0
0.236,-4.3112519175079537e-14
0.2365,1.0
0.237,5.3893124891395774e-14
0.2375,-1.0
0.238,-6.467373060771201e-14
0.2385,1.0
0.239,7.545433632402825e-14
0.2395,-1.0
0.24,-8.623494204034449e-14
0.2405,1.0
0.241,-1.66712899649553e-14
0.2415,-1.0
0.242,5.8906842486390624e-15
0.2425,1.0
0.243,4.8899214676771755e-15
0.2435,-1.0
0.244,-1.5670527183993413e-14
0.2445,1.0
0.245,2.645113290030965e-14
0.2455,-1.0
0.246,-3.723173861662589e-14
0.2465,1.0
0.247,4.801234433294213e-14
0.2475,-1.0
0.248,-5.879295004925836e-14
0.2485,1.0
0.249,6.95735557655746e-14
0.2495,-1.0
0.25,-8.035416148189084e-14
0.2505,1.0
0.251,-2.255207052340895e-14
0.2515,-1.0
0.252,1.1771464807092711e-14
0.2525,1.0
0.253,-9.908590907764729e-16
0.2535,-1.0
0.254,-9.789746625539765e-15
0.2545,1.0
0.255,2.0570352341856004e-14
0.2555,-1.0
0.256,-3.135095805817224e-14
0.2565,1.0
0.257,4.213156377448848e-14
0.2575,-1.0
0.258,-5.291216949080472e-14
0.2585,1.0
0.259,6.369277520712095e-14
0.2595,-1.0
0.26,-7.447338092343719e-14
0.2605,1.0
0.261,8.525398663975344e-14
0.2615,-1.0
0.262,1.765224536554636e-14
0.2625,1.0
0.263,-6.871639649230121e-15
0.2635,-1.0
0.264,-3.908966067086117e-15
0.2645,1.0
0.265,1.4689571783402354e-14
0.2655,-1.0
0.266,-2.5470177499718592e-14
0.2665,1.0
0.267,3.625078321603483e-14
0.2675,-1.0
0.268,-4.703138893235107e-14
0.2685,1.0
0.269,5.781199464866731e-14
0.2695,-1.0
0.27,-6.859260036498355e-14
0.2705,1.0
0.271,7.937320608129979e-14
0.2715,-1.0
0.272,2.3533025924000007e-14
0.2725,1.0
0.273,-1.2752420207683771e-14
0.2735,-1.0
0.274,1.971814491367532e-15
0.2745,1.0
0.275,8.808791224948707e-15
0.2755,-1.0
0.276,-1.9589396941264945e-14
0.2765,1.0
0.277,3.037000265758118e-14
0.2775,-1.0
0.278,-4.115060837389742e-14
0.2785,1.0
0.279,5.1931214090213655e-14
0.2795,-1.0
0.28,-6.27118198065299e-14
0.2805,1.0
0.281,7.349242552284614e-14
0.2815,-1.0
0.282,-8.427303123916238e-14
0.2825,1.0
0.283,-1.863320076613742e-14
0.2835,-1.0
0.284,7.85259504982118e-15
0.2845,1.0
0.285,2.9280106664950574e-15
0.2855,-1.0
0.286,-1.3708616382811296e-14
0.2865,1.0
0.287,2.4489222099127532e-14
0.2875,-1.0
0.288,-3.5269827815443773e-14
0.2885,1.0
0.289,4.605043353176001e-14
0.2895,-1.0
0.29,-5.683103924807625e-14
0.2905,1.0
0.291,6.761164496439249e-14
0.2915,-1.0
0.292,-7.839225068070872e-14
0.2925,1.0
0.293,8.917285639702496e-14
0.2935,-1.0
0.294,1.3733375608274829e-14
0.2945,1.0
0.295,-2.9527698919585914e-15
0.2955,-1.0
0.296,-7.827835824357647e-15
0.2965,1.0
0.297,1.8608441540673885e-14
0.2975,-1.0
0.298,-2.938904725699012e-14
0.2985,1.0
0.299,4.016965297330636e-14
0.2995,-1.0
0.3,-5.09502586896226e-14
0.3005,1.0
0.301,6.173086440593884e-14
0.3015,-1.0
0.302,-7.251147012225507e-14
0.3025,1.0
0.303,8.329207583857131e-14
0.3035,-1.0
0.304,-9.407268155488755e-14
0.3045,1.0
0.305,-8.83355045041224e-15
0.3055,-1.0
0.306,-1.947055265903998e-15
0.3065,1.0
0.307,1.2727660982220236e-14
0.3075,-1.0
0.308,-2.3508266698536476e-14
0.3085,1.0
0.309,3.428887241485271e-14
0.3095,-1.0
0.31,-4.506947813116895e-14
0.3105,1.0
0.311,5.5850083847485186e-14
0.3115,-1.0
0.312,-6.663068956380142e-14
0.3125,1.0
0.313,7.741129528011766e-14
0.3135,-1.0
0.314,-8.81919009964339e-14
0.3145,1.0
0.315,-1.471433100886589e-14
0.3155,-1.0
0.316,3.933725292549651e-15
0.3165,1.0
0.317,6.846880423766587e-15
0.3175,-1.0
0.318,-1.7627486140082825e-14
0.3185,1.0
0.319,2.8408091856399063e-14
0.3195,-1.0
0.32,-3.9188697572715304e-14
0.3205,1.0
0.321,4.996930328903154e-14
0.3215,-1.0
0.322,-6.074990900534777e-14
0.3225,1.0
0.323,7.153051472166401e-14
0.3235,-1.0
0.324,-8.231112043798025e-14
0.3245,1.0
0.325,9.309172615429649e-14
0.3255,-1.0
0.326,-1.0387233187061273e-13
0.3265,1.0
0.327,9.660998653129386e-16
0.3275,-1.0
0.328,-1.254335433032452e-13
0.3285,1.0
0.329,2.2527311297945416e-14
0.3295,-1.0
0.33,-1.4699475473587768e-13
0.3305,1.0
0.331,4.408852273057789e-14
0.3315,-1.0
0.332,5.881770927472191e-14
0.3325,1.0
0.333,6.564973416321036e-14
0.3335,-1.0
0.334,3.7256497842089424e-14
0.3345,1.0
0.335,8.721094559584285e-14
0.3355,-1.0
0.336,1.5695286409456948e-14
0.3365,1.0
0.337,1.0877215702847533e-13
0.3375,-1.0
0.338,-5.865925023175528e-15
0.3385,1.0
0.339,1.303333684611078e-13
0.3395,-1.0
0.34,-2.7427136455808003e-14
0.3405,1.0
0.341,1.5189457989374026e-13
0.3415,-1.0
0.342,-4.898834788844048e-14
0.3425,1.0
0.343,-5.391788411685931e-14
0.3435,-1.0
0.344,-7.054955932107296e-14
0.3445,1.0
0.345,-3.2356672684226837e-14
0.3455,-1.0
0.346,-9.211077075370544e-14
0.3465,1.0
0.347,-1.0795461251594359e-14
0.3475,-1.0
0.348,-1.1367198218633791e-13
0.3485,1.0
0.349,1.0765750181038118e-14
0.3495,-1.0
0.35,-1.3523319361897038e-13
0.3505,1.0
0.351,3.232696161367059e-14
0.3515,-1.0
0.352,-1.5679440505160285e-13
0.3525,1.0
0.353,5.388817304630307e-14
0.3535,-1.0
0.354,4.901805895899672e-14
0.3545,1.0
0.355,7.544938447893555e-14
0.3555,-1.0
0.356,2.7456847526364246e-14
0.3565,1.0
0.357,9.701059591156802e-14
0.3575,-1.0
0.358,5.895636093731769e-15
0.3585,1.0
0.359,1.185718073442005e-13
0.3595,-1.0
0.36,-1.5665575338900706e-14
0.3605,1.0
0.361,1.4013301877683296e-13
0.3615,-1.0
0.362,-3.7226786771533185e-14
0.3625,1.0
0.363,-6.567944523376661e-14
0.3635,-1.0
0.364,-5.878799820416566e-14
0.3645,1.0
0.365,-4.411823380113413e-14
0.3655,-1.0
0.366,-8.034920963679814e-14
0.3665,1.0
0.367,-2.2557022368501655e-14
0.3675,-1.0
0.368,-1.0191042106943061e-13
0.3685,1.0
0.369,-9.958109358691799e-16
0.3695,-1.0
0.37,-1.2347163250206308e-13
0.3705,1.0
0.371,2.0565400496763297e-14
0.3715,-1.0
0.372,-1.4503284393469555e-13
0.3725,1.0
0.373,4.212661192939577e-14
0.3735,-1.0
0.374,6.077962007590402e-14
0.3745,1.0
0.375,6.368782336202825e-14
0.3755,-1.0
0.376,3.9218408643271543e-14
0.3765,1.0
0.377,8.524903479466072e-14
0.3775,-1.0
0.378,1.7657197210639068e-14
0.3785,1.0
0.379,1.068102462272932e-13
0.3795,-1.0
0.38,-3.90401422199341e-15
0.3805,1.0
0.381,1.283714576599257e-13
0.3815,-1.0
0.382,-2.5465225654625887e-14
0.3825,1.0
0.383,1.4993266909255816e-13
0.3835,-1.0
0.384,-4.702643708725836e-14
0.3845,1.0
0.385,-5.587979491804143e-14
0.3855,-1.0
0.386,-6.858764851989084e-14
0.3865,1.0
0.387,-3.4318583485408956e-14
0.3875,-1.0
0.388,-9.014885995252331e-14
0.3885,1.0
0.389,-1.2757372052776477e-14
0.3895,-1.0
0.39,-1.1171007138515579e-13
0.3905,1.0
0.391,8.803839379855999e-15
0.3915,-1.0
0.392,-1.3327128281778828e-13
0.3925,1.0
0.393,3.036505081248848e-14
0.3935,-1.0
0.394,-1.5483249425042075e-13
0.3945,1.0
0.395,5.1926262245120954e-14
0.3955,-1.0
0.396,5.097996976017884e-14
0.3965,1.0
0.397,7.348747367775342e-14
0.3975,-1.0
0.398,2.941875832754636e-14
0.3985,1.0
0.399,9.50486851103859e-14
0.3995,-1.0
0.4,7.857546894913888e-15
0.4005,1.0
0.401,1.166098965430184e-13
0.4015,-1.0
0.402,-1.3703664537718588e-14
0.4025,1.0
0.403,1.3817110797565086e-13
0.4035,-1.0
0.404,-3.5264875970351066e-14
0.4045,1.0
0.405,1.5973231940828334e-13
0.4055,-1.0
0.406,-5.682608740298354e-14
0.4065,1.0
0.407,-4.608014460231625e-14
0.4075,-1.0
0.408,-7.838729883561601e-14
0.4085,1.0
0.409,-2.4518933169683775e-14
0.4095,-1.0
0.41,-9.99485102682485e-14
0.4105,1.0
0.411,-2.9577217370512982e-15
0.4115,-1.0
0.412,-1.2150972170088098e-13
0.4125,1.0
0.413,1.8603489695581177e-14
0.4135,-1.0
0.414,-1.4307093313351345e-13
0.4145,1.0
0.415,4.016470112821365e-14
0.4155,-1.0
0.416,6.274153087708613e-14
0.4165,1.0
0.417,6.172591256084614e-14
0.4175,-1.0
0.418,4.118031944445366e-14
0.4185,1.0
0.419,8.328712399347861e-14
0.4195,-1.0
0.42,1.9619108011821184e-14
0.4205,1.0
0.421,1.0484833542611109e-13
0.4215,-1.0
0.422,-1.942103420811291e-15
0.4225,1.0
0.423,1.2640954685874356e-13
0.4235,-1.0
0.424,-2.3503314853443768e-14
0.4245,1.0
0.425,1.4797075829137604e-13
0.4255,-1.0
0.426,-4.506452628607624e-14
0.4265,1.0
0.427,-5.784170571922354e-14
0.4275,-1.0
0.428,-6.662573771870872e-14
0.4285,1.0
0.429,-3.628049428659107e-14
0.4295,-1.0
0.43,-8.81869491513412e-14
0.4305,1.0
0.431,-1.4719282853958596e-14
0.4315,-1.0
0.432,-1.0974816058397367e-13
0.4325,1.0
0.433,6.8419285786738804e-15
0.4335,-1.0
0.434,-1.3130937201660615e-13
0.4345,1.0
0.435,2.8403140011306356e-14
0.4355,-1.0
0.436,-1.5287058344923863e-13
0.4365,1.0
0.437,4.9964351443938835e-14
0.4375,-1.0
0.438,5.294188056136096e-14
0.4385,1.0
0.439,7.152556287657131e-14
0.4395,-1.0
0.44,3.138066912872848e-14
0.4405,1.0
0.441,9.308677430920379e-14
0.4415,-1.0
0.442,9.819457696096006e-15
0.4425,1.0
0.443,1.1464798574183626e-13
0.4435,-1.0
0.444,-1.174175373653647e-14
0.4445,1.0
0.445,1.3620919717446874e-13
0.4455,-1.0
0.446,-3.3302965169168946e-14
0.4465,1.0
0.447,1.5777040860710121e-13
0.4475,-1.0
0.448,-5.486417660180142e-14
0.4485,1.0
0.449,-4.804205540349837e-14
0.4495,-1.0
0.45,-7.64253880344339e-14
0.4505,1.0
0.451,-2.6480843970865894e-14
0.4515,-1.0
0.452,-9.798659946706637e-14
0.4525,1.0
0.453,-4.919632538233417e-15
0.4535,-1.0
0.454,-1.1954781089969885e-13
0.4545,1.0
0.455,1.6641578894399058e-14
0.4555,-1.0
0.456,-1.4110902233233133e-13
0.4565,1.0
0.457,3.8202790327031534e-14
0.4575,-1.0
0.458,-1.626702337649638e-13
0.4585,1.0
0.459,5.976400175966401e-14
0.4595,-1.0
0.46,4.314223024563578e-14
0.4605,1.0
0.461,8.132521319229649e-14
0.4615,-1.0
0.462,2.1581018813003303e-14
0.4625,1.0
0.463,1.0288642462492896e-13
0.4635,-1.0
0.464,1.9807380370827447e-17
0.4645,1.0
0.465,1.2444763605756144e-13
0.4655,-1.0
0.466,-2.154140405226165e-14
0.4665,1.0
0.467,1.4600884749019391e-13
0.4675,-1.0
0.468,-4.310261548489413e-14
0.4685,1.0
0.469,1.675700589228264e-13
0.4695,-1.0
0.47,-6.46638269175266e-14
0.4705,1.0
0.471,-3.824240508777319e-14
0.4715,-1.0
0.472,-8.622503835015907e-14
0.4725,1.0
0.473,-1.6681193655140716e-14
0.4735,-1.0
0.474,-1.0778624978279155e-13
0.4745,1.0
0.475,4.880017777491762e-15
0.4755,-1.0
0.476,-1.2934746121542402e-13
0.4765,1.0
0.477,2.644122921012424e-14
0.4775,-1.0
0.478,-1.509086726480565e-13
0.4785,1.0
0.479,4.8002440642756715e-14
0.4795,-1.0
0.48,-1.7246988408068898e-13
0.4805,1.0
0.481,6.956365207538918e-14
0.4815,-1.0
0.482,3.33425799299106e-14
0.4825,1.0
0.483,9.112486350802166e-14
0.4835,-1.0
0.484,1.1781368497278125e-14
0.4845,1.0
0.485,1.1268607494065415e-13
0.4855,-1.0
0.486,-9.779842935354351e-15
0.4865,1.0
0.487,1.342472863732866e-13
0.4875,-1.0
0.488,-3.134105436798683e-14
0.4885,1.0
0.489,1.558084978059191e-13
0.4895,-1.0
0.49,-5.29022658006193e-14
0.4905,1.0
0.491,-5.000396620468049e-14
0.4915,-1.0
0.492,-7.446347723325178e-14
0.4925,1.0
0.493,-2.844275477204801e-14
0.4935,-1.0
0.494,-9.602468866588426e-14
0.4945,1.0
0.495,-6.881543339415536e-15
0.4955,-1.0
0.496,-1.1758590009851672e-13
0.4965,1.0
0.497,1.4679668093216942e-14
0.4975,-1.0
0.498,-1.391471115311492e-13
0.4985,1.0
0.499,3.6240879525849414e-14
0.4995,-1.0
0.5,-1.6070832296378168e-13
0.5005,1.0
0.501,5.78020909584819e-14
0.5015,-1.0
0.502,4.51041410468179e-14
0.5025,1.0
0.503,7.936330239111437e-14
0.5035,-1.0
0.504,2.3542929614185422e-14
0.5045,1.0
0.505,1.0092451382374685e-13
0.5055,-1.0
0.506,1.9817181815529458e-15
0.5065,1.0
0.507,1.224857252563793e-13
0.5075,-1.0
0.508,-1.957949325107953e-14
0.5085,1.0
0.509,1.440469366890118e-13
0.5095,-1.0
0.51,-4.114070468371201e-14
0.5105,1.0
0.511,1.6560814812164426e-13
0.5115,-1.0
0.512,-6.270191611634448e-14
0.5125,1.0
0.513,-4.020431588895531e-14
0.5135,-1.0
0.514,-8.426312754897696e-14
0.5145,1.0
0.515,-1.8643104456322832e-14
0.5155,-1.0
0.516,-1.0582433898160944e-13
0.5165,1.0
0.517,2.9181069763096434e-15
0.5175,-1.0
0.518,-1.273855504142419e-13
0.5185,1.0
0.519,2.447931840894212e-14
0.5195,-1.0
0.52,-1.4894676184687438e-13
0.5205,1.0
0.521,4.6040529841574596e-14
0.5215,-1.0
0.522,-1.7050797327950688e-13
0.5225,1.0
0.523,6.760174127420707e-14
0.5235,-1.0
0.524,3.530449073109272e-14
0.5245,1.0
0.525,8.916295270683955e-14
0.5255,-1.0
0.526,1.3743279298460243e-14
0.5265,1.0
0.527,1.1072416413947202e-13
0.5275,-1.0
0.528,-7.817932134172233e-15
0.5285,1.0
0.529,1.322853755721045e-13
0.5295,-1.0
0.53,-2.937914356680471e-14
0.5305,1.0
0.531,1.53846587004737e-13
0.5315,-1.0
0.532,-5.0940354999437183e-14
0.5325,1.0
0.533,1.7540779843736946e-13
0.5335,-1.0
0.534,-7.250156643206966e-14
0.5345,1.0
0.535,-3.040466557323013e-14
0.5355,-1.0
0.536,-9.406277786470214e-14
0.5365,1.0
0.537,-8.843454140597653e-15
0.5375,-1.0
0.538,-1.1562398929733462e-13
0.5385,1.0
0.539,1.2717757292034822e-14
0.5395,-1.0
0.54,-1.371852007299671e-13
0.5405,1.0
0.541,3.42789687246673e-14
0.5415,-1.0
0.542,-1.5874641216259958e-13
0.5425,1.0
0.543,5.584018015729978e-14
0.5435,-1.0
0.544,4.7066051848000014e-14
0.5445,1.0
0.545,7.740139158993225e-14
0.5455,-1.0
0.546,2.5504840415367542e-14
0.5465,1.0
0.547,9.896260302256472e-14
0.5475,-1.0
0.548,3.943628982735064e-15
0.5485,1.0
0.549,1.205238144551972e-13
0.5495,-1.0
0.55,-1.7617582449897413e-14
0.5505,1.0
0.551,1.4208502588782969e-13
0.5515,-1.0
0.552,-3.917879388252989e-14
0.5525,1.0
0.553,1.6364623732046216e-13
0.5535,-1.0
0.554,-6.074000531516236e-14
0.5545,1.0
0.555,-4.216622669013743e-14
0.5555,-1.0
0.556,-8.230121674779483e-14
0.5565,1.0
0.557,-2.060501525750495e-14
0.5575,-1.0
0.558,-1.0386242818042731e-13
0.5585,1.0
0.559,9.56196175127525e-16
0.5595,-1.0
0.56,-1.254236396130598e-13
0.5605,1.0
0.561,2.251740760776e-14
0.5615,-1.0
0.562,-1.4698485104569227e-13
0.5625,1.0
0.563,4.4078619040392477e-14
0.5635,-1.0
0.564,-1.6854606247832475e-13
0.5645,1.0
0.565,6.563983047302496e-14
0.5655,-1.0
0.566,3.726640153227484e-14
0.5665,1.0
0.567,8.720104190565743e-14
0.5675,-1.0
0.568,1.570519009964236e-14
0.5685,1.0
0.569,1.0876225333828991e-13
0.5695,-1.0
0.57,-5.856021332990115e-15
0.5705,1.0
0.571,1.3032346477092239e-13
0.5715,-1.0
0.572,-2.741723276562259e-14
0.5725,1.0
0.573,1.5188467620355486e-13
0.5735,-1.0
0.574,-4.8978444198255064e-14
0.5745,1.0
0.575,1.7344588763618734e-13
0.5755,-1.0
0.576,-7.053965563088755e-14
0.5765,1.0
0.577,-3.2366576374412245e-14
0.5775,-1.0
0.578,-9.210086706352002e-14
0.5785,1.0
0.579,-1.0805364941779773e-14
0.5795,-1.0
0.58,-1.136620784961525e-13
0.5805,1.0
0.581,1.0755846490852703e-14
0.5815,-1.0
0.582,-1.3522328992878497e-13
0.5825,1.0
0.583,3.231705792348518e-14
0.5835,-1.0
0.584,-1.5678450136141745e-13
0.5845,1.0
0.585,5.387826935611766e-14
0.5855,-1.0
0.586,-1.7834571279404993e-13
0.5865,1.0
0.587,7.543948078875013e-14
0.5875,-1.0
0.588,2.7466751216549658e-14
0.5885,1.0
0.589,9.700069222138261e-14
0.5895,-1.0
0.59,5.905539783917183e-15
0.5905,1.0
0.591,1.1856190365401509e-13
0.5915,-1.0
0.592,-1.5655671648715294e-14
0.5925,1.0
0.593,1.4012311508664756e-13
0.5935,-1.0
0.594,-3.721688308134777e-14
0.5945,1.0
0.595,1.6168432651928004e-13
0.5955,-1.0
0.596,-5.877809451398025e-14
0.5965,1.0
0.597,1.8324553795191251e-13
0.5975,-1.0
0.598,-8.033930594661272e-14
0.5985,1.0
0.599,-2.256692605868707e-14
0.5995,-1.0
0.6,-1.019005173792452e-13
0.6005,1.0
0.601,-1.0057146260545935e-15
0.6015,-1.0
0.602,-1.2346172881187767e-13
0.6025,1.0
0.603,2.055549680657788e-14
0.6035,-1.0
0.604,-1.4502294024451015e-13
0.6045,1.0
0.605,4.211670823921036e-14
0.6055,-1.0
0.606,-1.6658415167714262e-13
0.6065,1.0
0.607,6.367791967184283e-14
0.6075,-1.0
0.608,-1.881453631097751e-13
0.6085,1.0
0.609,8.523913110447531e-14
0.6095,-1.0
0.61,1.766710090082448e-14
0.6105,1.0
0.611,1.0680034253710778e-13
0.6115,-1.0
0.612,-3.894110531807996e-15
0.6125,1.0
0.613,1.2836155396974026e-13
0.6135,-1.0
0.614,-2.5455321964440472e-14
0.6145,1.0
0.615,1.4992276540237274e-13
0.6155,-1.0
0.616,-4.701653339707295e-14
0.6165,1.0
0.617,1.714839768350052e-13
0.6175,-1.0
0.618,-6.857774482970542e-14
0.6185,1.0
0.619,-3.4328487175594365e-14
0.6195,-1.0
0.62,-9.01389562623379e-14
0.6205,1.0
0.621,-1.276727574296189e-14
0.6215,-1.0
0.622,-1.1170016769497037e-13
0.6225,1.0
0.623,8.793935689670585e-15
0.6235,-1.0
0.624,-1.3326137912760285e-13
0.6245,1.0
0.625,3.035514712230306e-14
0.6255,-1.0
0.626,-1.5482259056023532e-13
0.6265,1.0
0.627,5.191635855493554e-14
0.6275,-1.0
0.628,-1.763838019928678e-13
0.6285,1.0
0.629,7.347756998756801e-14
0.6295,-1.0
0.63,2.942866201773178e-14
0.6305,1.0
0.631,9.503878142020048e-14
0.6315,-1.0
0.632,7.867450585099301e-15
0.6325,1.0
0.633,1.1659999285283296e-13
0.6335,-1.0
0.634,-1.3693760847533174e-14
0.6345,1.0
0.635,1.3816120428546544e-13
0.6355,-1.0
0.636,-3.525497228016565e-14
0.6365,1.0
0.637,1.597224157180979e-13
0.6375,-1.0
0.638,-5.6816183712798126e-14
0.6385,1.0
0.639,1.812836271507304e-13
0.6395,-1.0
0.64,-7.837739514543061e-14
0.6405,1.0
0.641,-2.452883685986919e-14
0.6415,-1.0
0.642,-9.993860657806308e-14
0.6425,1.0
0.643,-2.9676254272367122e-15
0.6435,-1.0
0.644,-1.2149981801069555e-13
0.6445,1.0
0.645,1.8593586005395765e-14
0.6455,-1.0
0.646,-1.4306102944332802e-13
0.6465,1.0
0.647,4.015479743802824e-14
0.6475,-1.0
0.648,-1.646222408759605e-13
0.6485,1.0
0.649,6.171600887066072e-14
0.6495,-1.0
0.65,-1.8618345230859298e-13
0.6505,1.0
0.651,8.32772203032932e-14
0.6515,-1.0
0.652,-2.0774466374122545e-13
0.6525,1.0
0.653,-1.225352437073064e-13
0.6535,-1.0
0.654,-1.9321997306258773e-15
0.6545,1.0
0.655,1.2639964316855814e-13
0.6555,-1.0
0.656,-2.508670866064904e-13
0.6565,1.0
0.657,-7.941282084204144e-14
0.6575,-1.0
0.658,-4.505462259589083e-14
0.6585,1.0
0.659,1.6952206603382309e-13
0.6595,-1.0
0.66,-2.9398950947175535e-13
0.6605,1.0
0.661,-3.6290397976776484e-14
0.6615,-1.0
0.662,-8.817704546115578e-14
0.6625,1.0
0.663,2.1264448889908804e-13
0.6635,-1.0
0.664,1.1763541854944381e-13
0.6645,1.0
0.665,6.832024888488467e-15
0.6655,-1.0
0.666,-1.3129946832642072e-13
0.6665,1.0
0.667,2.55766911764353e-13
0.6675,-1.0
0.668,7.451299568417885e-14
0.6685,1.0
0.669,4.995444775375342e-14
0.6695,-1.0
0.67,-1.744218911916857e-13
0.6705,1.0
0.671,2.9888933462961797e-13
0.6715,-1.0
0.672,3.1390572818913897e-14
0.6725,1.0
0.673,9.307687061901837e-14
0.6735,-1.0
0.674,-2.1754431405695065e-13
0.6745,1.0
0.675,-1.1273559339158121e-13
0.6755,-1.0
0.676,-1.1731850046351057e-14
0.6765,1.0
0.677,1.3619929348428334e-13
0.6775,-1.0
0.678,-2.606667369222156e-13
0.6785,1.0
0.679,-6.961317052631626e-14
0.6795,-1.0
0.68,-5.485427291161601e-14
0.6805,1.0
0.681,1.7932171634954829e-13
0.6815,-1.0
0.682,-3.0378915978748053e-13
0.6825,1.0
0.683,-2.6490747661051306e-14
0.6835,-1.0
0.684,-9.797669577688096e-14
0.6845,1.0
0.685,2.2244413921481324e-13
0.6855,-1.0
0.686,1.0783576823371862e-13
0.6865,1.0
0.687,1.6631675204213646e-14
0.6875,-1.0
0.688,-1.4109911864214592e-13
0.6885,1.0
0.689,2.655665620800782e-13
0.6895,-1.0
0.69,6.471334536845367e-14
0.6905,1.0
0.691,5.97540980694786e-14
0.6915,-1.0
0.692,-1.8422154150741087e-13
0.6925,1.0
0.693,3.0868898494534314e-13
0.6935,-1.0
0.694,2.1590922503188718e-14
0.6945,1.0
0.695,1.0287652093474355e-13
0.6955,-1.0
0.696,-2.2734396437267583e-13
0.6965,1.0
0.697,-1.0293594307585604e-13
0.6975,-1.0
0.698,-2.1531500362076237e-14
0.6985,1.0
0.699,1.459989438000085e-13
0.6995,-1.0
0.7,-2.7046638723794075e-13
0.7005,1.0
0.701,-5.981352021059109e-14
0.7015,-1.0
0.702,-6.465392322734118e-14
0.7025,1.0
0.703,1.8912136666527346e-13
0.7035,-1.0
0.704,-3.135888101032057e-13
0.7045,1.0
0.705,-1.6691097345326128e-14
0.7055,-1.0
0.706,-1.0777634609260613e-13
0.7065,1.0
0.707,2.322437895305384e-13
0.7075,-1.0
0.708,9.803611791799344e-14
0.7085,1.0
0.709,2.6431325519938824e-14
0.7095,-1.0
0.71,-1.508987689578711e-13
0.7105,1.0
0.711,2.7536621239580337e-13
0.7115,-1.0
0.712,5.491369505272849e-14
0.7125,1.0
0.713,6.955374838520378e-14
0.7135,-1.0
0.714,-1.9402119182313605e-13
0.7145,1.0
0.715,-1.362587156253958e-13
0.7155,-1.0
0.716,1.1791272187463538e-14
0.7165,1.0
0.717,1.1267617125046873e-13
0.7175,-1.0
0.718,-2.37143614688401e-13
0.7185,1.0
0.719,-9.313629276013085e-14
0.7195,-1.0
0.72,-3.133115067780141e-14
0.7205,1.0
0.721,1.5579859411573369e-13
0.7215,-1.0
0.722,-2.8026603755366593e-13
0.7225,1.0
0.723,-5.0013869894865904e-14
0.7235,-1.0
0.724,-7.445357354306637e-14
0.7245,1.0
0.725,1.9892101698099864e-13
0.7255,-1.0
0.726,1.3135889046753321e-13
0.7265,1.0
0.727,-6.891447029600949e-15
0.7275,-1.0
0.728,-1.1757599640833132e-13
0.7285,1.0
0.729,2.420434398462636e-13
0.7295,-1.0
0.73,8.823646760226826e-14
0.7305,1.0
0.731,3.6230975835664006e-14
0.7315,-1.0
0.732,-1.6069841927359627e-13
0.7325,1.0
0.733,2.8516586271152854e-13
0.7335,-1.0
0.734,4.511404473700331e-14
0.7345,1.0
0.735,7.935339870092896e-14
0.7355,-1.0
0.736,-2.0382084213886122e-13
0.7365,1.0
0.737,-1.2645906530967063e-13
0.7375,-1.0
0.738,1.9916218717383598e-15
0.7385,1.0
0.739,1.224758215661939e-13
0.7395,-1.0
0.74,-2.4694326500412615e-13
0.7405,1.0
0.741,-8.333664244440567e-14
0.7415,-1.0
0.742,-4.113080099352659e-14
0.7425,1.0
0.743,1.6559824443145886e-13
0.7435,-1.0
0.744,-2.900656878693911e-13
0.7445,1.0
0.745,-4.021421957914072e-14
0.7455,-1.0
0.746,-8.425322385879154e-14
0.7465,1.0
0.747,2.087206672967238e-13
0.7475,-1.0
0.748,1.2155924015180804e-13
0.7485,1.0
0.749,2.9082032861242297e-15
0.7495,-1.0
0.75,-1.273756467240565e-13
0.7505,1.0
0.751,2.5184309016198876e-13
0.7515,-1.0
0.752,7.843681728654309e-14
0.7525,1.0
0.753,4.603062615138918e-14
0.7535,-1.0
0.754,-1.7049806958932145e-13
0.7545,1.0
0.755,2.949655130272537e-13
0.7555,-1.0
0.756,3.5314394421278135e-14
0.7565,1.0
0.757,8.915304901665413e-14
0.7575,-1.0
0.758,-2.136204924545864e-13
0.7585,1.0
0.759,-1.1665941499394545e-13
0.7595,-1.0
0.76,-7.80802844398682e-15
0.7605,1.0
0.761,1.3227547188191908e-13
0.7615,-1.0
0.762,-2.567429153198514e-13
0.7625,1.0
0.763,-7.35369921286805e-14
0.7635,-1.0
0.764,-5.0930451309251775e-14
0.7645,1.0
0.765,1.7539789474718404e-13
0.7655,-1.0
0.766,-2.9986533818511633e-13
0.7665,1.0
0.767,-3.041456926341554e-14
0.7675,-1.0
0.768,-9.405287417451672e-14
0.7685,1.0
0.769,2.18520317612449e-13
0.7695,-1.0
0.77,1.1175958983608286e-13
0.7705,1.0
0.771,1.2707853601849409e-14
0.7715,-1.0
0.772,-1.3717529703978167e-13
0.7725,1.0
0.773,2.6164274047771394e-13
0.7735,-1.0
0.774,6.863716697081791e-14
0.7745,1.0
0.775,5.583027646711436e-14
0.7755,-1.0
0.776,-1.8029771990504662e-13
0.7765,1.0
0.777,3.047651633429789e-13
0.7775,-1.0
0.778,2.5514744105552954e-14
0.7785,1.0
0.779,9.895269933237931e-14
0.7795,-1.0
0.78,-2.2342014277031158e-13
0.7805,1.0
0.781,-1.0685976467822028e-13
0.7815,-1.0
0.782,-1.7607678759711998e-14
0.7825,1.0
0.783,1.4207512219764426e-13
0.7835,-1.0
0.784,-2.6654256563557655e-13
0.7845,1.0
0.785,-6.373734181295531e-14
0.7855,-1.0
0.786,-6.073010162497696e-14
0.7865,1.0
0.787,1.851975450629092e-13
0.7875,-1.0
0.788,-3.096649885008415e-13
0.7885,1.0
0.789,-2.0614918947690366e-14
0.7895,-1.0
0.79,-1.0385252449024191e-13
0.7905,1.0
0.791,2.2831996792817416e-13
0.7915,-1.0
0.792,1.0195993952035768e-13
0.7925,1.0
0.793,2.250750391757459e-14
0.7935,-1.0
0.794,-1.4697494735550685e-13
0.7945,1.0
0.795,2.714423907934391e-13
0.7955,-1.0
0.796,5.883751665509272e-14
0.7965,1.0
0.797,6.562992678283954e-14
0.7975,-1.0
0.798,-1.900973702207718e-13
0.7985,1.0
0.799,3.1456481365870407e-13
0.7995,-1.0
0.8,1.5715093789827776e-14
0.8005,1.0
0.801,1.087523496481045e-13
0.8015,-1.0
0.802,-2.332197930860368e-13
0.8025,1.0
0.803,-9.706011436249509e-14
0.8035,-1.0
0.804,-2.7407329075437176e-14
0.8045,1.0
0.805,1.5187477251336943e-13
0.8055,-1.0
0.806,-2.7634221595130173e-13
0.8065,1.0
0.807,-5.3937691497230137e-14
0.8075,-1.0
0.808,-7.052975194070213e-14
0.8085,1.0
0.809,1.9499719537863439e-13
0.8095,-1.0
0.81,-3.194646388165667e-13
0.8105,1.0
0.811,-1.0815268631965186e-14
0.8115,-1.0
0.812,-1.1365217480596708e-13
0.8125,1.0
0.813,2.3811961824389934e-13
0.8135,-1.0
0.814,9.21602892046325e-14
0.8145,1.0
0.815,3.230715423329977e-14
0.8155,-1.0
0.816,-1.5677459767123202e-13
0.8165,1.0
0.817,2.812420411091643e-13
0.8175,-1.0
0.818,4.903786633936755e-14
0.8185,1.0
0.819,7.542957709856472e-14
0.8195,-1.0
0.82,-1.99897020536497e-13
0.8205,1.0
0.821,3.2436446397442924e-13
0.8215,-1.0
0.822,5.9154434741025965e-15
0.8225,1.0
0.823,1.1855199996382968e-13
0.8235,-1.0
0.824,-2.4301944340176195e-13
0.8245,1.0
0.825,-8.726046404676991e-14
0.8255,-1.0
0.826,-3.7206979391162354e-14
0.8265,1.0
0.827,1.6167442282909463e-13
0.8275,-1.0
0.828,-2.861418662670269e-13
0.8285,1.0
0.829,-4.413804118150496e-14
0.8295,-1.0
0.83,-8.03294022564273e-14
0.8305,1.0
0.831,2.0479684569435959e-13
0.8315,-1.0
0.832,1.2548306175417226e-13
0.8325,1.0
0.833,-1.0156183162400073e-15
0.8335,-1.0
0.834,-1.2345182512169227e-13
0.8345,1.0
0.835,2.479192685596245e-13
0.8355,-1.0
0.836,8.236063888890733e-14
0.8365,1.0
0.837,4.210680454902494e-14
0.8375,-1.0
0.838,-1.6657424798695722e-13
0.8385,1.0
0.839,2.9104169142488946e-13
0.8395,-1.0
0.84,3.923821602364237e-14
0.8405,1.0
0.841,8.52292274142899e-14
0.8415,-1.0
0.842,-2.0969667085222217e-13
0.8425,1.0
0.843,-1.2058323659630968e-13
0.8435,-1.0
0.844,-3.884206841622582e-15
0.8445,1.0
0.845,1.2835165027955486e-13
0.8455,-1.0
0.846,-2.5281909371748713e-13
0.8465,1.0
0.847,-7.746081373104474e-14
0.8475,-1.0
0.848,-4.7006629706887536e-14
0.8485,1.0
0.849,1.714740731448198e-13
0.8495,-1.0
0.85,-2.959415165827521e-13
0.8505,1.0
0.851,-3.433839086577978e-14
0.8515,-1.0
0.852,-9.012905257215248e-14
0.8525,1.0
0.853,2.1459649601008476e-13
0.8535,-1.0
0.854,1.156834114384471e-13
0.8545,1.0
0.855,8.784031999485172e-15
0.8555,-1.0
0.856,-1.3325147543741745e-13
0.8565,1.0
0.857,2.577189188753497e-13
0.8575,-1.0
0.858,7.256098857318214e-14
0.8585,1.0
0.859,5.1906454864750123e-14
0.8595,-1.0
0.86,-1.763738983026824e-13
0.8605,1.0
0.861,3.0084134174061464e-13
0.8615,-1.0
0.862,2.943856570791719e-14
0.8625,1.0
0.863,9.502887773001508e-14
0.8635,-1.0
0.864,-2.1949632116794735e-13
0.8645,1.0
0.865,-1.107835862805845e-13
0.8655,-1.0
0.866,-1.3683857157347761e-14
0.8665,1.0
0.867,1.3815130059528003e-13
0.8675,-1.0
0.868,-2.626187440332123e-13
0.8685,1.0
0.869,-6.766116341531955e-14
0.8695,-1.0
0.87,-5.680628002261271e-14
0.8705,1.0
0.871,1.8127372346054499e-13
0.8715,-1.0
0.872,-3.0574116689847725e-13
0.8725,1.0
0.873,-2.4538740550054602e-14
0.8735,-1.0
0.874,-9.992870288787767e-14
0.8745,1.0
0.875,2.2439614632580994e-13
0.8755,-1.0
0.876,1.0588376112272191e-13
0.8765,1.0
0.877,1.858368231521035e-14
0.8775,-1.0
0.878,-1.4305112575314262e-13
0.8785,1.0
0.879,2.6751856919107486e-13
0.8795,-1.0
0.88,6.276133825745696e-14
0.8805,1.0
0.881,6.17061051804753e-14
0.8815,-1.0
0.882,-1.8617354861840757e-13
0.8825,1.0
0.883,3.106409920563398e-13
0.8835,-1.0
0.884,1.963891539219201e-14
0.8845,1.0
0.885,1.0482852804574026e-13
0.8855,-1.0
0.886,-2.292959714836725e-13
0.8865,1.0
0.887,-1.0098393596485933e-13
0.8875,-1.0
0.888,-2.348350747307294e-14
0.8885,1.0
0.889,1.479509509110052e-13
0.8895,-1.0
0.89,-2.724183943489375e-13
0.8905,1.0
0.891,-5.786151309959438e-14
0.8915,-1.0
0.892,-6.660593033833789e-14
0.8925,1.0
0.893,1.9107337377627016e-13
0.8935,-1.0
0.894,-3.1554081721420243e-13
0.8945,1.0
0.895,-1.4739090234329423e-14
0.8955,-1.0
0.896,-1.0972835320360284e-13
0.8965,1.0
0.897,2.3419579664153514e-13
0.8975,-1.0
0.898,9.608411080699674e-14
0.8985,1.0
0.899,2.8383332630935528e-14
0.8995,-1.0
0.9,-1.528507760688678e-13
0.9005,1.0
0.901,2.773182195068001e-13
0.9015,-1.0
0.902,5.296168794173179e-14
0.9025,1.0
0.903,7.150575549620048e-14
0.9035,-1.0
0.904,-1.9597319893413275e-13
0.9045,1.0
0.905,3.2044064237206504e-13
0.9055,-1.0
0.906,9.839265076466834e-15
0.9065,1.0
0.907,1.1462817836146543e-13
0.9075,-1.0
0.908,-2.390956217993977e-13
0.9085,1.0
0.909,-9.118428564913415e-14
0.9095,-1.0
0.91,-3.3283157788798116e-14
0.9105,1.0
0.911,1.5775060122673038e-13
0.9115,-1.0
0.912,-2.8221804466466265e-13
0.9125,1.0
0.913,-4.8061862783869194e-14
0.9135,-1.0
0.914,-7.640558065406307e-14
0.9145,1.0
0.915,2.0087302409199534e-13
0.9155,-1.0
0.916,-3.253404675299276e-13
0.9165,1.0
0.917,-4.9394399186042444e-15
0.9175,-1.0
0.918,-1.1952800351932802e-13
0.9185,1.0
0.919,2.439954469572603e-13
0.9195,-1.0
0.92,8.628446049127156e-14
0.9205,1.0
0.921,3.818298294666071e-14
0.9215,-1.0
0.922,-1.6265042638459297e-13
0.9225,1.0
0.923,2.8711786982252526e-13
0.9235,-1.0
0.924,4.3162037626006606e-14
0.9245,1.0
0.925,8.130540581192566e-14
0.9255,-1.0
0.926,-2.0577284924985792e-13
0.9265,1.0
0.927,3.302402926877902e-13
0.9275,-1.0
0.928,3.9614760741654893e-17
0.9285,1.0
0.929,1.244278286771906e-13
0.9295,-1.0
0.93,-2.4889527211512287e-13
0.9305,1.0
0.931,-8.138463533340896e-14
0.9315,-1.0
0.932,-4.30828081045233e-14
0.9325,1.0
0.933,1.6755025154245556e-13
0.9335,-1.0
0.934,-2.9201769498038783e-13
0.9345,1.0
0.935,-3.826221246814402e-14
0.9355,-1.0
0.936,-8.620523096978826e-14
0.9365,1.0
0.937,2.106726744077205e-13
0.9375,-1.0
0.938,-3.351401178456528e-13
0.9385,1.0
0.939,4.860210397120935e-15
0.9395,-1.0
0.94,-1.293276538350532e-13
0.9405,1.0
0.941,2.537950972729855e-13
0.9415,-1.0
0.942,7.648481017554638e-14
0.9425,1.0
0.943,4.7982633262385885e-14
0.9435,-1.0
0.944,-1.7245007670031815e-13
0.9445,1.0
0.945,2.9691752013825044e-13
0.9455,-1.0
0.946,3.336238731028143e-14
0.9465,1.0
0.947,9.110505612765084e-14
0.9475,-1.0
0.948,-2.155724995655831e-13
0.9485,1.0
0.949,3.400399430035154e-13
0.9495,-1.0
0.95,-9.760035554983524e-15
0.9505,1.0
0.951,1.3422747899291578e-13
0.9515,-1.0
0.952,-2.5869492243084805e-13
0.9525,1.0
0.953,-7.158498501768379e-14
0.9535,-1.0
0.954,-5.288245842024848e-14
0.9545,1.0
0.955,1.7734990185818073e-13
0.9555,-1.0
0.956,-3.01817345296113e-13
0.9565,1.0
0.957,-2.846256215241884e-14
0.9575,-1.0
0.958,-9.600488128551343e-14
0.9585,1.0
0.959,2.2047232472344569e-13
0.9595,-1.0
0.96,-3.4493976816137795e-13
0.9605,1.0
0.961,1.4659860712846115e-14
0.9615,-1.0
0.962,-1.3912730415077837e-13
0.9625,1.0
0.963,2.6359474758871066e-13
0.9635,-1.0
0.964,6.66851598598212e-14
0.9645,1.0
0.965,5.778228357811107e-14
0.9655,-1.0
0.966,-1.8224972701604332e-13
0.9665,1.0
0.967,3.067171704539756e-13
0.9675,-1.0
0.968,2.356273699455625e-14
0.9685,1.0
0.969,1.0090470644337602e-13
0.9695,-1.0
0.97,-2.253721498813083e-13
0.9705,1.0
0.971,-1.0490775756722357e-13
0.9715,-1.0
0.972,-1.9559685870708702e-14
0.9725,1.0
0.973,1.4402712930864098e-13
0.9735,-1.0
0.974,-2.684945727465732e-13
0.9745,1.0
0.975,-6.178533470195861e-14
0.9755,-1.0
0.976,-6.268210873597365e-14
0.9765,1.0
0.977,1.8714955217390593e-13
0.9775,-1.0
0.978,-3.116169956118382e-13
0.9785,1.0
0.979,-1.866291183669366e-14
0.9795,-1.0
0.98,-1.058045316012386e-13
0.9805,1.0
0.981,2.302719750391709e-13
0.9815,-1.0
0.982,1.0000793240936098e-13
0.9825,1.0
0.983,2.4459511028571293e-14
0.9835,-1.0
0.984,-1.4892695446650357e-13
0.9845,1.0
0.985,2.7339439790443584e-13
0.9855,-1.0
0.986,5.688550954409603e-14
0.9865,1.0
0.987,6.758193389383624e-14
0.9875,-1.0
0.988,-1.9204937733176852e-13
0.9885,1.0
0.989,3.165168207697008e-13
0.9895,-1.0
0.99,1.3763086678831071e-14
0.9905,1.0
0.991,1.1070435675910119e-13
0.9915,-1.0
0.992,-2.3517180019703345e-13
0.9925,1.0
0.993,-9.510810725149839e-14
0.9935,-1.0
0.994,-2.9359336186433883e-14
0.9945,1.0
0.995,1.5382677962436616e-13
0.9955,-1.0
0.996,-2.782942230622984e-13
0.9965,1.0
0.997,-5.198568438623343e-14
0.9975,-1.0
0.998,-7.248175905169883e-14
0.9985,1.0
0.999,1.969492024896311e-13
0.9995,-1.0
1.0,-3.2141664592756335e-13
